Report Date,Average Weight,Average Price
02/08/2023,"1,330",156.05
02/08/2023,"1,249",156.15
02/08/2023,,
02/08/2023,,
02/08/2023,"1,329",155.35
02/08/2023,"1,223",155.39
02/08/2023,,
02/08/2023,,
02/08/2023,"1,365",136.86
02/08/2023,"1,265",137.07
02/08/2023,,
02/08/2023,,
01/06/2023,"1,329",155.35
01/06/2023,"1,223",155.39
01/06/2023,,
01/06/2023,,
01/06/2023,"1,350",151.73
01/06/2023,"1,250",151.74
01/06/2023,,
01/06/2023,,
01/06/2023,"1,373",138.53
01/06/2023,"1,257",139.38
01/06/2023,,
01/06/2023,,
12/08/2022,"1,350",151.73
12/08/2022,"1,250",151.74
12/08/2022,,
12/08/2022,,
12/08/2022,"1,369",146.53
12/08/2022,"1,254",145.32
12/08/2022,,
12/08/2022,,
12/08/2022,"1,360",133.52
12/08/2022,"1,196",133.56
12/08/2022,,
12/08/2022,,
11/04/2022,"1,369",146.53
11/04/2022,"1,254",145.32
11/04/2022,,
11/04/2022,,
11/04/2022,"1,361",142.30
11/04/2022,"1,250",142.20
11/04/2022,,
11/04/2022,,
11/04/2022,"1,351",124.25
11/04/2022,"1,210",124.20
11/04/2022,,
11/04/2022,,
10/05/2022,"1,361",142.30
10/05/2022,"1,250",142.20
10/05/2022,,
10/05/2022,,
10/05/2022,"1,346",139.47
10/05/2022,"1,219",140.02
10/05/2022,,
10/05/2022,,
10/05/2022,"1,367",123.86
10/05/2022,"1,238",123.92
10/05/2022,,
10/05/2022,,
09/07/2022,"1,346",139.47
09/07/2022,"1,219",140.02
09/07/2022,,
09/07/2022,,
09/07/2022,"1,331",136.19
09/07/2022,"1,211",136.41
09/07/2022,,
09/07/2022,,
09/07/2022,"1,339",121.24
09/07/2022,"1,217",121.14
09/07/2022,,
09/07/2022,,
08/05/2022,"1,331",136.19
08/05/2022,"1,211",136.41
08/05/2022,,
08/05/2022,,
08/05/2022,"1,335",136.92
08/05/2022,"1,226",137.07
08/05/2022,,
08/05/2022,,
08/05/2022,"1,350",119.30
08/05/2022,"1,228",119.67
08/05/2022,,
08/05/2022,,
07/06/2022,"1,335",136.92
07/06/2022,"1,226",137.07
07/06/2022,,
07/06/2022,,
07/06/2022,"1,345",138.42
07/06/2022,"1,231",138.10
07/06/2022,,
07/06/2022,,
07/06/2022,"1,320",120.52
07/06/2022,"1,236",120.67
07/06/2022,,
07/06/2022,,
06/07/2022,"1,345",138.42
06/07/2022,"1,231",138.10
06/07/2022,,
06/07/2022,,
06/07/2022,"1,369",139.44
06/07/2022,"1,216",139.38
06/07/2022,,
06/07/2022,,
06/07/2022,"1,324",119.07
06/07/2022,"1,224",119.11
06/07/2022,,
06/07/2022,,
05/04/2022,"1,369",139.44
05/04/2022,"1,216",139.38
05/04/2022,,
05/04/2022,,
05/04/2022,"1,398",138.36
05/04/2022,"1,245",138.20
05/04/2022,,
05/04/2022,,
05/04/2022,"1,312",119.61
05/04/2022,"1,209",119.43
05/04/2022,,
05/04/2022,,
04/06/2022,"1,398",138.36
04/06/2022,"1,245",138.20
04/06/2022,,
04/06/2022,,
04/06/2022,"1,388",140.76
04/06/2022,"1,242",140.94
04/06/2022,,
04/06/2022,,
04/06/2022,"1,297",114.31
04/06/2022,"1,200",114.59
04/06/2022,,
04/06/2022,,
03/09/2022,"1,388",140.76
03/09/2022,"1,242",140.94
03/09/2022,,
03/09/2022,,
03/09/2022,"1,365",136.86
03/09/2022,"1,265",137.07
03/09/2022,,
03/09/2022,,
03/09/2022,"1,326",113.98
03/09/2022,"1,216",114.03
03/09/2022,,
03/09/2022,,
02/02/2022,"1,365",136.86
02/02/2022,"1,265",137.07
02/02/2022,,
02/02/2022,,
02/02/2022,"1,373",138.53
02/02/2022,"1,257",139.38
02/02/2022,,
02/02/2022,,
02/02/2022,"1,361",111.47
02/02/2022,"1,229",111.58
02/02/2022,,
02/02/2022,,
01/06/2022,"1,373",138.53
01/06/2022,"1,257",139.38
01/06/2022,,
01/06/2022,,
01/06/2022,"1,360",133.52
01/06/2022,"1,196",133.56
01/06/2022,,
01/06/2022,,
01/06/2022,"1,352",110.01
01/06/2022,"1,214",110.46
01/06/2022,,
01/06/2022,,
12/08/2021,"1,360",133.52
12/08/2021,"1,196",133.56
12/08/2021,,
12/08/2021,,
12/08/2021,"1,351",124.25
12/08/2021,"1,210",124.20
12/08/2021,,
12/08/2021,,
12/08/2021,"1,352",109.46
12/08/2021,"1,184",109.72
12/08/2021,,
12/08/2021,,
11/09/2021,"1,351",124.25
11/09/2021,"1,210",124.20
11/09/2021,,
11/09/2021,,
11/09/2021,"1,367",123.86
11/09/2021,"1,238",123.92
11/09/2021,,
11/09/2021,,
11/09/2021,"1,368",107.45
11/09/2021,"1,223",107.69
11/09/2021,,
11/09/2021,,
10/05/2021,"1,367",123.86
10/05/2021,"1,238",123.92
10/05/2021,,
10/05/2021,,
10/05/2021,"1,339",121.24
10/05/2021,"1,217",121.14
10/05/2021,,
10/05/2021,,
10/05/2021,"1,343",104.04
10/05/2021,"1,222",104.38
10/05/2021,,
10/05/2021,,
09/03/2021,"1,339",121.24
09/03/2021,"1,217",121.14
09/03/2021,,
09/03/2021,,
09/03/2021,"1,350",119.30
09/03/2021,"1,228",119.67
09/03/2021,,
09/03/2021,,
09/03/2021,"1,366",103.74
09/03/2021,"1,241",103.60
09/03/2021,850,163.13
09/03/2021,,
08/04/2021,"1,350",119.30
08/04/2021,"1,228",119.67
08/04/2021,,
08/04/2021,,
08/04/2021,"1,320",120.52
08/04/2021,"1,236",120.67
08/04/2021,,
08/04/2021,,
08/04/2021,"1,378",95.18
08/04/2021,"1,249",95.47
08/04/2021,,
08/04/2021,,
07/06/2021,"1,320",120.52
07/06/2021,"1,236",120.67
07/06/2021,,
07/06/2021,,
07/06/2021,"1,324",119.07
07/06/2021,"1,224",119.11
07/06/2021,,
07/06/2021,,
07/06/2021,"1,379",105.12
07/06/2021,"1,253",106.23
07/06/2021,,
07/06/2021,,
06/08/2021,"1,324",119.07
06/08/2021,"1,224",119.11
06/08/2021,,
06/08/2021,,
06/08/2021,"1,312",119.61
06/08/2021,"1,209",119.43
06/08/2021,,
06/08/2021,,
06/08/2021,"1,353",111.05
06/08/2021,"1,232",113.44
06/08/2021,850,180.00
06/08/2021,,
05/10/2021,"1,312",119.61
05/10/2021,"1,209",119.43
05/10/2021,,
05/10/2021,,
05/10/2021,"1,297",114.31
05/10/2021,"1,200",114.59
05/10/2021,,
05/10/2021,,
05/10/2021,"1,364",103.88
05/10/2021,"1,229",101.91
05/10/2021,,
05/10/2021,,
04/06/2021,"1,297",114.31
04/06/2021,"1,200",114.59
04/06/2021,,
04/06/2021,,
04/06/2021,"1,326",113.98
04/06/2021,"1,216",114.03
04/06/2021,,
04/06/2021,,
04/06/2021,"1,337",112.77
04/06/2021,"1,202",111.82
04/06/2021,,
04/06/2021,,
03/04/2021,"1,326",113.98
03/04/2021,"1,216",114.03
03/04/2021,,
03/04/2021,,
03/04/2021,"1,361",111.47
03/04/2021,"1,229",111.58
03/04/2021,,
03/04/2021,,
03/04/2021,"1,334",118.56
03/04/2021,"1,221",118.31
03/04/2021,,
03/04/2021,,
02/08/2021,"1,361",111.47
02/08/2021,"1,229",111.58
02/08/2021,,
02/08/2021,,
02/08/2021,"1,352",110.01
02/08/2021,"1,214",110.46
02/08/2021,,
02/08/2021,,
02/08/2021,"1,335",123.34
02/08/2021,"1,213",123.26
02/08/2021,,
02/08/2021,,
01/07/2021,"1,352",110.01
01/07/2021,"1,214",110.46
01/07/2021,,
01/07/2021,,
01/07/2021,"1,352",109.46
01/07/2021,"1,184",109.72
01/07/2021,,
01/07/2021,,
01/07/2021,,
01/07/2021,,
01/07/2021,,
01/07/2021,,
12/08/2020,"1,352",109.46
12/08/2020,"1,184",109.72
12/08/2020,,
12/08/2020,,
12/08/2020,"1,368",107.45
12/08/2020,"1,223",107.69
12/08/2020,,
12/08/2020,,
12/08/2020,"1,301",115.22
12/08/2020,"1,190",115.17
12/08/2020,,
12/08/2020,,
11/06/2020,"1,368",107.45
11/06/2020,"1,223",107.69
11/06/2020,,
11/06/2020,,
11/06/2020,"1,343",104.04
11/06/2020,"1,222",104.38
11/06/2020,,
11/06/2020,,
11/06/2020,"1,330",108.77
11/06/2020,"1,218",109.39
11/06/2020,,
11/06/2020,,
10/06/2020,"1,343",104.04
10/06/2020,"1,222",104.38
10/06/2020,,
10/06/2020,,
10/06/2020,"1,366",103.74
10/06/2020,"1,241",103.60
10/06/2020,850,163.13
10/06/2020,,
10/06/2020,"1,341",100.18
10/06/2020,"1,230",100.88
10/06/2020,862,162.00
10/06/2020,,
09/11/2020,"1,366",103.74
09/11/2020,"1,241",103.60
09/11/2020,850,163.13
09/11/2020,,
09/11/2020,"1,378",95.18
09/11/2020,"1,249",95.47
09/11/2020,,
09/11/2020,,
09/11/2020,"1,342",106.54
09/11/2020,"1,219",106.25
09/11/2020,,
09/11/2020,803,185.00
08/05/2020,"1,378",95.18
08/05/2020,"1,249",95.47
08/05/2020,,
08/05/2020,,
08/05/2020,"1,379",105.12
08/05/2020,"1,253",106.23
08/05/2020,,
08/05/2020,,
08/05/2020,"1,313",110.86
08/05/2020,"1,212",110.86
08/05/2020,,
08/05/2020,806,185.00
07/07/2020,"1,379",105.12
07/07/2020,"1,253",106.23
07/07/2020,,
07/07/2020,,
07/07/2020,"1,353",111.05
07/07/2020,"1,232",113.44
07/07/2020,850,180.00
07/07/2020,,
07/07/2020,"1,276",110.26
07/07/2020,"1,197",110.44
07/07/2020,,
07/07/2020,,
06/11/2020,"1,353",111.05
06/11/2020,"1,232",113.44
06/11/2020,850,180.00
06/11/2020,,
06/11/2020,"1,364",103.88
06/11/2020,"1,229",101.91
06/11/2020,,
06/11/2020,,
06/11/2020,"1,307",116.80
06/11/2020,"1,182",117.24
06/11/2020,775,187.00
06/11/2020,,
05/13/2020,"1,364",103.88
05/13/2020,"1,229",101.91
05/13/2020,,
05/13/2020,,
05/13/2020,"1,337",112.77
05/13/2020,"1,202",111.82
05/13/2020,,
05/13/2020,,
05/13/2020,"1,299",124.92
05/13/2020,"1,194",125.30
05/13/2020,,
05/13/2020,807,204.87
04/07/2020,"1,337",112.77
04/07/2020,"1,202",111.82
04/07/2020,,
04/07/2020,,
04/07/2020,"1,334",118.56
04/07/2020,"1,221",118.31
04/07/2020,,
04/07/2020,,
04/07/2020,"1,320",127.25
04/07/2020,"1,191",127.39
04/07/2020,,
04/07/2020,,
03/06/2020,"1,334",118.56
03/06/2020,"1,221",118.31
03/06/2020,,
03/06/2020,,
03/06/2020,"1,335",123.34
03/06/2020,"1,213",123.26
03/06/2020,,
03/06/2020,,
03/06/2020,"1,316",124.50
03/06/2020,"1,180",124.49
03/06/2020,899,195.00
03/06/2020,774,196.22
02/05/2020,"1,335",123.34
02/05/2020,"1,213",123.26
02/05/2020,,
02/05/2020,,
02/05/2020,,
02/05/2020,,
02/05/2020,,
02/05/2020,,
02/05/2020,"1,308",123.62
02/05/2020,"1,199",123.64
02/05/2020,,
02/05/2020,,
01/07/2020,,
01/07/2020,,
01/07/2020,,
01/07/2020,,
01/07/2020,,
01/07/2020,,
01/07/2020,,
01/07/2020,,
01/07/2020,"1,325",120.50
01/07/2020,"1,192",120.42
01/07/2020,,
01/07/2020,,
12/03/2019,,
12/03/2019,,
12/03/2019,,
12/03/2019,,
12/03/2019,"1,330",108.77
12/03/2019,"1,218",109.39
12/03/2019,,
12/03/2019,,
12/03/2019,"1,345",116.09
12/03/2019,"1,224",116.30
12/03/2019,,
12/03/2019,,
11/05/2019,"1,330",108.77
11/05/2019,"1,218",109.39
11/05/2019,,
11/05/2019,,
11/05/2019,"1,341",100.18
11/05/2019,"1,230",100.88
11/05/2019,862,162.00
11/05/2019,,
11/05/2019,"1,340",113.21
11/05/2019,"1,227",113.29
11/05/2019,907,176.00
11/05/2019,722,176.00
10/07/2019,"1,341",100.18
10/07/2019,"1,230",100.88
10/07/2019,862,162.00
10/07/2019,,
10/07/2019,"1,342",106.54
10/07/2019,"1,219",106.25
10/07/2019,,
10/07/2019,803,185.00
10/07/2019,"1,362",110.51
10/07/2019,"1,213",109.97
10/07/2019,947,176.00
10/07/2019,796,176.00
09/04/2019,"1,342",106.54
09/04/2019,"1,219",106.25
09/04/2019,,
09/04/2019,803,185.00
09/04/2019,"1,313",110.86
09/04/2019,"1,212",110.86
09/04/2019,,
09/04/2019,806,185.00
09/04/2019,"1,318",111.54
09/04/2019,"1,190",110.68
09/04/2019,,
09/04/2019,,
08/05/2019,"1,313",110.86
08/05/2019,"1,212",110.86
08/05/2019,,
08/05/2019,806,185.00
08/05/2019,"1,276",110.26
08/05/2019,"1,197",110.44
08/05/2019,,
08/05/2019,,
08/05/2019,"1,316",112.32
08/05/2019,"1,191",111.81
08/05/2019,,
08/05/2019,,
07/08/2019,"1,276",110.26
07/08/2019,"1,197",110.44
07/08/2019,,
07/08/2019,,
07/08/2019,"1,307",116.80
07/08/2019,"1,182",117.24
07/08/2019,775,187.00
07/08/2019,,
07/08/2019,"1,294",110.72
07/08/2019,"1,178",111.15
07/08/2019,,
07/08/2019,,
06/05/2019,"1,307",116.80
06/05/2019,"1,182",117.24
06/05/2019,775,187.00
06/05/2019,,
06/05/2019,"1,299",124.92
06/05/2019,"1,194",125.30
06/05/2019,,
06/05/2019,807,204.87
06/05/2019,"1,301",119.47
06/05/2019,"1,165",121.36
06/05/2019,,
06/05/2019,,
05/06/2019,"1,299",124.92
05/06/2019,"1,194",125.30
05/06/2019,,
05/06/2019,807,204.87
05/06/2019,"1,320",127.25
05/06/2019,"1,191",127.39
05/06/2019,,
05/06/2019,,
05/06/2019,"1,292",120.33
05/06/2019,"1,174",120.19
05/06/2019,,
05/06/2019,,
04/04/2019,"1,320",127.25
04/04/2019,"1,191",127.39
04/04/2019,,
04/04/2019,,
04/04/2019,"1,316",124.50
04/04/2019,"1,180",124.49
04/04/2019,899,195.00
04/04/2019,774,196.22
04/04/2019,"1,304",125.43
04/04/2019,"1,170",124.89
04/04/2019,,
04/04/2019,,
03/05/2019,"1,316",124.50
03/05/2019,"1,180",124.49
03/05/2019,899,195.00
03/05/2019,774,196.22
03/05/2019,"1,308",123.62
03/05/2019,"1,199",123.64
03/05/2019,,
03/05/2019,,
03/05/2019,"1,303",127.92
03/05/2019,"1,200",128.03
03/05/2019,,
03/05/2019,,
02/06/2019,"1,308",123.62
02/06/2019,"1,199",123.64
02/06/2019,,
02/06/2019,,
02/06/2019,"1,325",120.50
02/06/2019,"1,192",120.42
02/06/2019,,
02/06/2019,,
02/06/2019,"1,276",123.34
02/06/2019,"1,199",123.88
02/06/2019,,
02/06/2019,,
01/03/2019,"1,325",120.50
01/03/2019,"1,192",120.42
01/03/2019,,
01/03/2019,,
01/03/2019,"1,345",116.09
01/03/2019,"1,224",116.30
01/03/2019,,
01/03/2019,,
01/03/2019,"1,289",119.92
01/03/2019,"1,187",119.58
01/03/2019,,
01/03/2019,,
12/04/2018,"1,345",116.09
12/04/2018,"1,224",116.30
12/04/2018,,
12/04/2018,,
12/04/2018,"1,340",113.21
12/04/2018,"1,227",113.29
12/04/2018,907,176.00
12/04/2018,722,176.00
12/04/2018,"1,344",121.70
12/04/2018,"1,199",122.13
12/04/2018,,
12/04/2018,,
11/05/2018,"1,340",113.21
11/05/2018,"1,227",113.29
11/05/2018,907,176.00
11/05/2018,722,176.00
11/05/2018,"1,362",110.51
11/05/2018,"1,213",109.97
11/05/2018,947,176.00
11/05/2018,796,176.00
11/05/2018,"1,310",112.05
11/05/2018,"1,192",113.51
11/05/2018,,
11/05/2018,,
10/02/2018,"1,362",110.51
10/02/2018,"1,213",109.97
10/02/2018,947,176.00
10/02/2018,796,176.00
10/02/2018,"1,318",111.54
10/02/2018,"1,190",110.68
10/02/2018,,
10/02/2018,,
10/02/2018,"1,358",107.20
10/02/2018,"1,194",106.61
10/02/2018,,
10/02/2018,,
09/05/2018,"1,318",111.54
09/05/2018,"1,190",110.68
09/05/2018,,
09/05/2018,,
09/05/2018,"1,316",112.32
09/05/2018,"1,191",111.81
09/05/2018,,
09/05/2018,,
09/05/2018,"1,322",112.12
09/05/2018,"1,199",113.05
09/05/2018,,
09/05/2018,,
08/07/2018,"1,316",112.32
08/07/2018,"1,191",111.81
08/07/2018,,
08/07/2018,,
08/07/2018,"1,294",110.72
08/07/2018,"1,178",111.15
08/07/2018,,
08/07/2018,,
08/07/2018,"1,297",118.55
08/07/2018,"1,188",118.96
08/07/2018,,
08/07/2018,,
07/03/2018,"1,294",110.72
07/03/2018,"1,178",111.15
07/03/2018,,
07/03/2018,,
07/03/2018,"1,301",119.47
07/03/2018,"1,165",121.36
07/03/2018,,
07/03/2018,,
07/03/2018,"1,319",130.73
07/03/2018,"1,181",129.72
07/03/2018,,
07/03/2018,,
06/04/2018,"1,301",119.47
06/04/2018,"1,165",121.36
06/04/2018,,
06/04/2018,,
06/04/2018,"1,292",120.33
06/04/2018,"1,174",120.19
06/04/2018,,
06/04/2018,,
06/04/2018,"1,288",137.61
06/04/2018,"1,187",137.61
06/04/2018,,
06/04/2018,,
05/02/2018,"1,292",120.33
05/02/2018,"1,174",120.19
05/02/2018,,
05/02/2018,,
05/02/2018,"1,304",125.43
05/02/2018,"1,170",124.89
05/02/2018,,
05/02/2018,,
05/02/2018,"1,296",131.96
05/02/2018,"1,209",133.70
05/02/2018,,
05/02/2018,,
04/04/2018,"1,304",125.43
04/04/2018,"1,170",124.89
04/04/2018,,
04/04/2018,,
04/04/2018,"1,303",127.92
04/04/2018,"1,200",128.03
04/04/2018,,
04/04/2018,,
04/04/2018,"1,312",126.73
04/04/2018,"1,212",126.67
04/04/2018,,
04/04/2018,,
03/05/2018,"1,303",127.92
03/05/2018,"1,200",128.03
03/05/2018,,
03/05/2018,,
03/05/2018,"1,276",123.34
03/05/2018,"1,199",123.88
03/05/2018,,
03/05/2018,,
03/05/2018,"1,292",121.90
03/05/2018,"1,195",121.08
03/05/2018,,
03/05/2018,,
02/05/2018,"1,276",123.34
02/05/2018,"1,199",123.88
02/05/2018,,
02/05/2018,,
02/05/2018,"1,289",119.92
02/05/2018,"1,187",119.58
02/05/2018,,
02/05/2018,,
02/05/2018,"1,337",120.37
02/05/2018,"1,201",119.83
02/05/2018,,
02/05/2018,,
01/03/2018,"1,289",119.92
01/03/2018,"1,187",119.58
01/03/2018,,
01/03/2018,,
01/03/2018,"1,344",121.70
01/03/2018,"1,199",122.13
01/03/2018,,
01/03/2018,,
01/03/2018,"1,363",113.37
01/03/2018,"1,209",113.91
01/03/2018,,
01/03/2018,,
12/05/2017,"1,344",121.70
12/05/2017,"1,199",122.13
12/05/2017,,
12/05/2017,,
12/05/2017,"1,310",112.05
12/05/2017,"1,192",113.51
12/05/2017,,
12/05/2017,,
12/05/2017,"1,360",109.19
12/05/2017,"1,226",109.63
12/05/2017,,
12/05/2017,,
11/06/2017,"1,310",112.05
11/06/2017,"1,192",113.51
11/06/2017,,
11/06/2017,,
11/06/2017,"1,358",107.20
11/06/2017,"1,194",106.61
11/06/2017,,
11/06/2017,,
11/06/2017,"1,348",102.64
11/06/2017,"1,207",102.21
11/06/2017,,
11/06/2017,,
10/03/2017,"1,358",107.20
10/03/2017,"1,194",106.61
10/03/2017,,
10/03/2017,,
10/03/2017,"1,322",112.12
10/03/2017,"1,199",113.05
10/03/2017,,
10/03/2017,,
10/03/2017,"1,370",106.59
10/03/2017,"1,198",106.34
10/03/2017,,
10/03/2017,,
09/05/2017,"1,322",112.12
09/05/2017,"1,199",113.05
09/05/2017,,
09/05/2017,,
09/05/2017,"1,297",118.55
09/05/2017,"1,188",118.96
09/05/2017,,
09/05/2017,,
09/05/2017,"1,364",117.57
09/05/2017,"1,215",116.67
09/05/2017,,
09/05/2017,,
08/04/2017,"1,297",118.55
08/04/2017,"1,188",118.96
08/04/2017,,
08/04/2017,,
08/04/2017,"1,319",130.73
08/04/2017,"1,181",129.72
08/04/2017,,
08/04/2017,,
08/04/2017,"1,348",117.55
08/04/2017,"1,219",118.08
08/04/2017,,
08/04/2017,,
07/07/2017,"1,319",130.73
07/07/2017,"1,181",129.72
07/07/2017,,
07/07/2017,,
07/07/2017,"1,288",137.61
07/07/2017,"1,187",137.61
07/07/2017,,
07/07/2017,,
07/07/2017,"1,334",123.06
07/07/2017,"1,198",122.69
07/07/2017,,
07/07/2017,,
06/05/2017,"1,288",137.61
06/05/2017,"1,187",137.61
06/05/2017,,
06/05/2017,,
06/05/2017,"1,296",131.96
06/05/2017,"1,209",133.70
06/05/2017,,
06/05/2017,,
06/05/2017,"1,308",130.50
06/05/2017,"1,162",130.14
06/05/2017,,
06/05/2017,,
05/11/2017,"1,296",131.96
05/11/2017,"1,209",133.70
05/11/2017,,
05/11/2017,,
05/11/2017,"1,312",126.73
05/11/2017,"1,212",126.67
05/11/2017,,
05/11/2017,,
05/11/2017,"1,316",129.84
05/11/2017,"1,195",127.79
05/11/2017,,
05/11/2017,,
04/10/2017,"1,312",126.73
04/10/2017,"1,212",126.67
04/10/2017,,
04/10/2017,,
04/10/2017,"1,292",121.90
04/10/2017,"1,195",121.08
04/10/2017,,
04/10/2017,,
04/10/2017,"1,317",136.10
04/10/2017,"1,201",137.46
04/10/2017,,
04/10/2017,,
03/08/2017,"1,292",121.90
03/08/2017,"1,195",121.08
03/08/2017,,
03/08/2017,,
03/08/2017,"1,337",120.37
03/08/2017,"1,201",119.83
03/08/2017,,
03/08/2017,,
03/08/2017,"1,327",135.71
03/08/2017,"1,190",134.69
03/08/2017,,
03/08/2017,,
02/06/2017,"1,337",120.37
02/06/2017,"1,201",119.83
02/06/2017,,
02/06/2017,,
02/06/2017,"1,363",113.37
02/06/2017,"1,209",113.91
02/06/2017,,
02/06/2017,,
02/06/2017,"1,315",134.70
02/06/2017,"1,190",135.10
02/06/2017,,
02/06/2017,,
01/04/2017,"1,363",113.37
01/04/2017,"1,209",113.91
01/04/2017,,
01/04/2017,,
01/04/2017,"1,360",109.19
01/04/2017,"1,226",109.63
01/04/2017,,
01/04/2017,,
01/04/2017,"1,346",124.78
01/04/2017,"1,236",124.90
01/04/2017,,
01/04/2017,,
12/08/2016,"1,360",109.19
12/08/2016,"1,226",109.63
12/08/2016,,
12/08/2016,,
12/08/2016,"1,348",102.64
12/08/2016,"1,207",102.21
12/08/2016,,
12/08/2016,,
12/08/2016,"1,379",129.65
12/08/2016,"1,242",130.29
12/08/2016,,
12/08/2016,,
11/10/2016,"1,348",102.64
11/10/2016,"1,207",102.21
11/10/2016,,
11/10/2016,,
11/10/2016,"1,370",106.59
11/10/2016,"1,198",106.34
11/10/2016,,
11/10/2016,,
11/10/2016,"1,384",134.95
11/10/2016,"1,194",136.34
11/10/2016,,
11/10/2016,,
10/06/2016,"1,370",106.59
10/06/2016,"1,198",106.34
10/06/2016,,
10/06/2016,,
10/06/2016,"1,364",117.57
10/06/2016,"1,215",116.67
10/06/2016,,
10/06/2016,,
10/06/2016,"1,340",132.02
10/06/2016,"1,200",134.86
10/06/2016,,
10/06/2016,,
09/08/2016,"1,364",117.57
09/08/2016,"1,215",116.67
09/08/2016,,
09/08/2016,,
09/08/2016,"1,348",117.55
09/08/2016,"1,219",118.08
09/08/2016,,
09/08/2016,,
09/08/2016,"1,343",148.28
09/08/2016,"1,166",147.60
09/08/2016,,
09/08/2016,,
08/02/2016,"1,348",117.55
08/02/2016,"1,219",118.08
08/02/2016,,
08/02/2016,,
08/02/2016,"1,334",123.06
08/02/2016,"1,198",122.69
08/02/2016,,
08/02/2016,,
08/02/2016,"1,292",148.79
08/02/2016,"1,180",148.99
08/02/2016,,
08/02/2016,,
07/12/2016,"1,334",123.06
07/12/2016,"1,198",122.69
07/12/2016,,
07/12/2016,,
07/12/2016,"1,308",130.50
07/12/2016,"1,162",130.14
07/12/2016,,
07/12/2016,,
07/12/2016,"1,318",149.87
07/12/2016,"1,196",150.28
07/12/2016,,
07/12/2016,,
06/10/2016,"1,308",130.50
06/10/2016,"1,162",130.14
06/10/2016,,
06/10/2016,,
06/10/2016,"1,316",129.84
06/10/2016,"1,195",127.79
06/10/2016,,
06/10/2016,,
06/10/2016,"1,302",160.14
06/10/2016,"1,178",160.51
06/10/2016,,
06/10/2016,,
05/09/2016,"1,316",129.84
05/09/2016,"1,195",127.79
05/09/2016,,
05/09/2016,,
05/09/2016,"1,317",136.10
05/09/2016,"1,201",137.46
05/09/2016,,
05/09/2016,,
05/09/2016,"1,301",160.64
05/09/2016,"1,151",161.91
05/09/2016,,
05/09/2016,,
04/04/2016,"1,317",136.10
04/04/2016,"1,201",137.46
04/04/2016,,
04/04/2016,,
04/04/2016,"1,327",135.71
04/04/2016,"1,190",134.69
04/04/2016,,
04/04/2016,,
04/04/2016,"1,251",162.87
04/04/2016,"1,146",163.32
04/04/2016,,
04/04/2016,,
03/07/2016,"1,327",135.71
03/07/2016,"1,190",134.69
03/07/2016,,
03/07/2016,,
03/07/2016,"1,315",134.70
03/07/2016,"1,190",135.10
03/07/2016,,
03/07/2016,,
03/07/2016,"1,269",159.87
03/07/2016,"1,156",160.27
03/07/2016,,
03/07/2016,,
02/09/2016,"1,315",134.70
02/09/2016,"1,190",135.10
02/09/2016,,
02/09/2016,,
02/09/2016,"1,346",124.78
02/09/2016,"1,236",124.90
02/09/2016,,
02/09/2016,,
02/09/2016,"1,314",164.23
02/09/2016,"1,217",163.17
02/09/2016,,
02/09/2016,,
01/08/2016,"1,346",124.78
01/08/2016,"1,236",124.90
01/08/2016,,
01/08/2016,,
01/08/2016,"1,379",129.65
01/08/2016,"1,242",130.29
01/08/2016,,
01/08/2016,,
01/08/2016,"1,297",163.04
01/08/2016,"1,133",164.52
01/08/2016,,
01/08/2016,,
12/07/2015,"1,379",129.65
12/07/2015,"1,242",130.29
12/07/2015,,
12/07/2015,,
12/07/2015,"1,384",134.95
12/07/2015,"1,194",136.34
12/07/2015,,
12/07/2015,,
12/07/2015,"1,284",169.65
12/07/2015,"1,207",169.54
12/07/2015,,
12/07/2015,,
11/10/2015,"1,384",134.95
11/10/2015,"1,194",136.34
11/10/2015,,
11/10/2015,,
11/10/2015,"1,340",132.02
11/10/2015,"1,200",134.86
11/10/2015,,
11/10/2015,,
11/10/2015,"1,248",165.07
11/10/2015,"1,154",165.93
11/10/2015,,
11/10/2015,,
10/12/2015,"1,340",132.02
10/12/2015,"1,200",134.86
10/12/2015,,
10/12/2015,,
10/12/2015,"1,343",148.28
10/12/2015,"1,166",147.60
10/12/2015,,
10/12/2015,,
10/12/2015,"1,324",161.18
10/12/2015,"1,120",160.12
10/12/2015,,
10/12/2015,,
09/09/2015,"1,343",148.28
09/09/2015,"1,166",147.60
09/09/2015,,
09/09/2015,,
09/09/2015,"1,292",148.79
09/09/2015,"1,180",148.99
09/09/2015,,
09/09/2015,,
09/09/2015,"1,236",157.83
09/09/2015,"1,164",157.10
09/09/2015,,
09/09/2015,,
08/06/2015,"1,292",148.79
08/06/2015,"1,180",148.99
08/06/2015,,
08/06/2015,,
08/06/2015,"1,318",149.87
08/06/2015,"1,196",150.28
08/06/2015,,
08/06/2015,,
08/06/2015,"1,268",157.12
08/06/2015,"1,142",157.75
08/06/2015,,
08/06/2015,,
07/06/2015,"1,318",149.87
07/06/2015,"1,196",150.28
07/06/2015,,
07/06/2015,,
07/06/2015,"1,302",160.14
07/06/2015,"1,178",160.51
07/06/2015,,
07/06/2015,,
07/06/2015,"1,237",149.09
07/06/2015,"1,157",147.61
07/06/2015,,
07/06/2015,,
06/04/2015,"1,302",160.14
06/04/2015,"1,178",160.51
06/04/2015,,
06/04/2015,,
06/04/2015,"1,301",160.64
06/04/2015,"1,151",161.91
06/04/2015,,
06/04/2015,,
06/04/2015,"1,238",144.06
06/04/2015,"1,131",144.13
06/04/2015,,
06/04/2015,,
05/04/2015,"1,301",160.64
05/04/2015,"1,151",161.91
05/04/2015,,
05/04/2015,,
05/04/2015,"1,251",162.87
05/04/2015,"1,146",163.32
05/04/2015,,
05/04/2015,,
05/04/2015,"1,233",146.13
05/04/2015,"1,123",145.89
05/04/2015,,
05/04/2015,,
04/07/2015,"1,251",162.87
04/07/2015,"1,146",163.32
04/07/2015,,
04/07/2015,,
04/07/2015,"1,269",159.87
04/07/2015,"1,156",160.27
04/07/2015,,
04/07/2015,,
04/07/2015,"1,239",149.25
04/07/2015,"1,166",148.82
04/07/2015,,
04/07/2015,,
03/02/2015,"1,269",159.87
03/02/2015,"1,156",160.27
03/02/2015,,
03/02/2015,,
03/02/2015,"1,314",164.23
03/02/2015,"1,217",163.17
03/02/2015,,
03/02/2015,,
03/02/2015,"1,243",145.24
03/02/2015,"1,184",145.08
03/02/2015,748,225.00
03/02/2015,735,225.00
02/05/2015,"1,314",164.23
02/05/2015,"1,217",163.17
02/05/2015,,
02/05/2015,,
02/05/2015,"1,297",163.04
02/05/2015,"1,133",164.52
02/05/2015,,
02/05/2015,,
02/05/2015,"1,263",141.69
02/05/2015,"1,139",142.90
02/05/2015,,
02/05/2015,,
01/05/2015,"1,297",163.04
01/05/2015,"1,133",164.52
01/05/2015,,
01/05/2015,,
01/05/2015,"1,284",169.65
01/05/2015,"1,207",169.54
01/05/2015,,
01/05/2015,,
01/05/2015,"1,262",131.92
01/05/2015,"1,151",132.23
01/05/2015,,
01/05/2015,,
12/08/2014,"1,284",169.65
12/08/2014,"1,207",169.54
12/08/2014,,
12/08/2014,,
12/08/2014,"1,248",165.07
12/08/2014,"1,154",165.93
12/08/2014,,
12/08/2014,,
12/08/2014,"1,264",131.53
12/08/2014,"1,156",131.59
12/08/2014,,
12/08/2014,,
11/07/2014,"1,248",165.07
11/07/2014,"1,154",165.93
11/07/2014,,
11/07/2014,,
11/07/2014,"1,324",161.18
11/07/2014,"1,120",160.12
11/07/2014,,
11/07/2014,,
11/07/2014,"1,308",128.71
11/07/2014,"1,168",128.98
11/07/2014,,
11/07/2014,,
10/08/2014,"1,324",161.18
10/08/2014,"1,120",160.12
10/08/2014,,
10/08/2014,,
10/08/2014,"1,236",157.83
10/08/2014,"1,164",157.10
10/08/2014,,
10/08/2014,,
10/08/2014,"1,326",123.91
10/08/2014,"1,175",123.77
10/08/2014,,
10/08/2014,,
09/02/2014,"1,236",157.83
09/02/2014,"1,164",157.10
09/02/2014,,
09/02/2014,,
09/02/2014,"1,268",157.12
09/02/2014,"1,142",157.75
09/02/2014,,
09/02/2014,,
09/02/2014,"1,315",121.74
09/02/2014,"1,178",122.14
09/02/2014,,
09/02/2014,,
08/06/2014,"1,268",157.12
08/06/2014,"1,142",157.75
08/06/2014,,
08/06/2014,,
08/06/2014,"1,237",149.09
08/06/2014,"1,157",147.61
08/06/2014,,
08/06/2014,,
08/06/2014,"1,274",118.97
08/06/2014,"1,133",118.98
08/06/2014,,
08/06/2014,,
07/08/2014,"1,237",149.09
07/08/2014,"1,157",147.61
07/08/2014,,
07/08/2014,,
07/08/2014,"1,238",144.06
07/08/2014,"1,131",144.13
07/08/2014,,
07/08/2014,,
07/08/2014,"1,240",120.77
07/08/2014,"1,149",120.77
07/08/2014,,
07/08/2014,,
06/03/2014,"1,238",144.06
06/03/2014,"1,131",144.13
06/03/2014,,
06/03/2014,,
06/03/2014,"1,233",146.13
06/03/2014,"1,123",145.89
06/03/2014,,
06/03/2014,,
06/03/2014,"1,243",125.38
06/03/2014,"1,136",125.17
06/03/2014,,
06/03/2014,,
05/06/2014,"1,233",146.13
05/06/2014,"1,123",145.89
05/06/2014,,
05/06/2014,,
05/06/2014,"1,239",149.25
05/06/2014,"1,166",148.82
05/06/2014,,
05/06/2014,,
05/06/2014,"1,259",127.18
05/06/2014,"1,158",126.99
05/06/2014,,
05/06/2014,,
04/09/2014,"1,239",149.25
04/09/2014,"1,166",148.82
04/09/2014,,
04/09/2014,,
04/09/2014,"1,243",145.24
04/09/2014,"1,184",145.08
04/09/2014,748,225.00
04/09/2014,735,225.00
04/09/2014,"1,264",126.45
04/09/2014,"1,158",126.63
04/09/2014,,
04/09/2014,,
03/04/2014,"1,243",145.24
03/04/2014,"1,184",145.08
03/04/2014,748,225.00
03/04/2014,735,225.00
03/04/2014,"1,263",141.69
03/04/2014,"1,139",142.90
03/04/2014,,
03/04/2014,,
03/04/2014,"1,292",124.44
03/04/2014,"1,161",124.57
03/04/2014,,
03/04/2014,,
02/10/2014,"1,263",141.69
02/10/2014,"1,139",142.90
02/10/2014,,
02/10/2014,,
02/10/2014,"1,262",131.92
02/10/2014,"1,151",132.23
02/10/2014,,
02/10/2014,,
02/10/2014,"1,302",124.96
02/10/2014,"1,150",125.05
02/10/2014,,
02/10/2014,,
01/07/2014,"1,262",131.92
01/07/2014,"1,151",132.23
01/07/2014,,
01/07/2014,,
01/07/2014,"1,264",131.53
01/07/2014,"1,156",131.59
01/07/2014,,
01/07/2014,,
01/07/2014,"1,287",125.59
01/07/2014,"1,154",125.22
01/07/2014,,
01/07/2014,,
12/04/2013,"1,264",131.53
12/04/2013,"1,156",131.59
12/04/2013,,
12/04/2013,,
12/04/2013,"1,308",128.71
12/04/2013,"1,168",128.98
12/04/2013,,
12/04/2013,,
12/04/2013,"1,286",126.57
12/04/2013,"1,132",126.43
12/04/2013,,
12/04/2013,,
11/12/2013,"1,308",128.71
11/12/2013,"1,168",128.98
11/12/2013,,
11/12/2013,,
11/12/2013,"1,326",123.91
11/12/2013,"1,175",123.77
11/12/2013,,
11/12/2013,,
11/12/2013,"1,267",126.03
11/12/2013,"1,144",125.75
11/12/2013,,
11/12/2013,,
10/18/2013,"1,326",123.91
10/18/2013,"1,175",123.77
10/18/2013,,
10/18/2013,,
10/18/2013,"1,315",121.74
10/18/2013,"1,178",122.14
10/18/2013,,
10/18/2013,,
10/18/2013,"1,297",125.38
10/18/2013,"1,154",125.79
10/18/2013,,
10/18/2013,,
09/09/2013,"1,315",121.74
09/09/2013,"1,178",122.14
09/09/2013,,
09/09/2013,,
09/09/2013,"1,274",118.97
09/09/2013,"1,133",118.98
09/09/2013,,
09/09/2013,,
09/09/2013,"1,280",119.91
09/09/2013,"1,148",119.54
09/09/2013,,
09/09/2013,,
08/06/2013,"1,274",118.97
08/06/2013,"1,133",118.98
08/06/2013,,
08/06/2013,,
08/06/2013,"1,240",120.77
08/06/2013,"1,149",120.77
08/06/2013,,
08/06/2013,,
08/06/2013,"1,272",114.86
08/06/2013,"1,142",114.95
08/06/2013,,
08/06/2013,,
07/03/2013,"1,240",120.77
07/03/2013,"1,149",120.77
07/03/2013,,
07/03/2013,,
07/03/2013,"1,243",125.38
07/03/2013,"1,136",125.17
07/03/2013,,
07/03/2013,,
07/03/2013,"1,242",120.19
07/03/2013,"1,140",120.47
07/03/2013,,
07/03/2013,,
06/05/2013,"1,243",125.38
06/05/2013,"1,136",125.17
06/05/2013,,
06/05/2013,,
06/05/2013,"1,259",127.18
06/05/2013,"1,158",126.99
06/05/2013,,
06/05/2013,,
06/05/2013,"1,241",120.54
06/05/2013,"1,137",121.09
06/05/2013,,
06/05/2013,,
05/13/2013,"1,259",127.18
05/13/2013,"1,158",126.99
05/13/2013,,
05/13/2013,,
05/13/2013,"1,264",126.45
05/13/2013,"1,158",126.63
05/13/2013,,
05/13/2013,,
05/13/2013,"1,236",120.56
05/13/2013,"1,130",120.79
05/13/2013,,
05/13/2013,718,194.00
04/02/2013,"1,264",126.45
04/02/2013,"1,158",126.63
04/02/2013,,
04/02/2013,,
04/02/2013,"1,292",124.44
04/02/2013,"1,161",124.57
04/02/2013,,
04/02/2013,,
04/02/2013,"1,243",126.60
04/02/2013,"1,126",126.41
04/02/2013,,
04/02/2013,,
03/08/2013,"1,292",124.44
03/08/2013,"1,161",124.57
03/08/2013,,
03/08/2013,,
03/08/2013,"1,302",124.96
03/08/2013,"1,150",125.05
03/08/2013,,
03/08/2013,,
03/08/2013,"1,237",126.50
03/08/2013,"1,127",126.02
03/08/2013,,
03/08/2013,,
02/04/2013,"1,302",124.96
02/04/2013,"1,150",125.05
02/04/2013,,
02/04/2013,,
02/04/2013,"1,287",125.59
02/04/2013,"1,154",125.22
02/04/2013,,
02/04/2013,,
02/04/2013,"1,219",123.69
02/04/2013,"1,119",123.47
02/04/2013,,
02/04/2013,,
01/02/2013,"1,287",125.59
01/02/2013,"1,154",125.22
01/02/2013,,
01/02/2013,,
01/02/2013,"1,286",126.57
01/02/2013,"1,132",126.43
01/02/2013,,
01/02/2013,,
01/02/2013,"1,238",121.32
01/02/2013,"1,132",121.23
01/02/2013,,
01/02/2013,,
12/07/2012,"1,286",126.57
12/07/2012,"1,132",126.43
12/07/2012,,
12/07/2012,,
12/07/2012,"1,267",126.03
12/07/2012,"1,144",125.75
12/07/2012,,
12/07/2012,,
12/07/2012,"1,259",123.18
12/07/2012,"1,148",122.79
12/07/2012,,
12/07/2012,,
11/07/2012,"1,267",126.03
11/07/2012,"1,144",125.75
11/07/2012,,
11/07/2012,,
11/07/2012,"1,297",125.38
11/07/2012,"1,154",125.79
11/07/2012,,
11/07/2012,,
11/07/2012,"1,267",120.35
11/07/2012,"1,137",120.26
11/07/2012,,
11/07/2012,,
10/02/2012,"1,297",125.38
10/02/2012,"1,154",125.79
10/02/2012,,
10/02/2012,,
10/02/2012,"1,280",119.91
10/02/2012,"1,148",119.54
10/02/2012,,
10/02/2012,,
10/02/2012,"1,290",117.24
10/02/2012,"1,148",117.22
10/02/2012,731,184.00
10/02/2012,699,184.00
09/05/2012,"1,280",119.91
09/05/2012,"1,148",119.54
09/05/2012,,
09/05/2012,,
09/05/2012,"1,272",114.86
09/05/2012,"1,142",114.95
09/05/2012,,
09/05/2012,,
09/05/2012,"1,287",113.65
09/05/2012,"1,137",113.88
09/05/2012,,
09/05/2012,,
08/07/2012,"1,272",114.86
08/07/2012,"1,142",114.95
08/07/2012,,
08/07/2012,,
08/07/2012,"1,242",120.19
08/07/2012,"1,140",120.47
08/07/2012,,
08/07/2012,,
08/07/2012,"1,255",111.49
08/07/2012,"1,134",111.77
08/07/2012,730,176.00
08/07/2012,707,176.00
07/02/2012,"1,242",120.19
07/02/2012,"1,140",120.47
07/02/2012,,
07/02/2012,,
07/02/2012,"1,241",120.54
07/02/2012,"1,137",121.09
07/02/2012,,
07/02/2012,,
07/02/2012,"1,253",106.77
07/02/2012,"1,128",107.10
07/02/2012,,
07/02/2012,,
06/05/2012,"1,241",120.54
06/05/2012,"1,137",121.09
06/05/2012,,
06/05/2012,,
06/05/2012,"1,236",120.56
06/05/2012,"1,130",120.79
06/05/2012,,
06/05/2012,718,194.00
06/05/2012,"1,253",110.04
06/05/2012,"1,126",109.95
06/05/2012,,
06/05/2012,,
05/07/2012,"1,236",120.56
05/07/2012,"1,130",120.79
05/07/2012,,
05/07/2012,718,194.00
05/07/2012,"1,243",126.60
05/07/2012,"1,126",126.41
05/07/2012,,
05/07/2012,,
05/07/2012,"1,255",119.48
05/07/2012,"1,143",119.58
05/07/2012,916,184.00
05/07/2012,,
04/03/2012,"1,243",126.60
04/03/2012,"1,126",126.41
04/03/2012,,
04/03/2012,,
04/03/2012,"1,237",126.50
04/03/2012,"1,127",126.02
04/03/2012,,
04/03/2012,,
04/03/2012,"1,261",115.52
04/03/2012,"1,141",115.88
04/03/2012,,
04/03/2012,,
03/07/2012,"1,237",126.50
03/07/2012,"1,127",126.02
03/07/2012,,
03/07/2012,,
03/07/2012,"1,219",123.69
03/07/2012,"1,119",123.47
03/07/2012,,
03/07/2012,,
03/07/2012,"1,257",109.21
03/07/2012,"1,147",109.06
03/07/2012,696,175.00
03/07/2012,,
02/07/2012,"1,219",123.69
02/07/2012,"1,119",123.47
02/07/2012,,
02/07/2012,,
02/07/2012,"1,238",121.32
02/07/2012,"1,132",121.23
02/07/2012,,
02/07/2012,,
02/07/2012,"1,270",106.10
02/07/2012,"1,138",106.26
02/07/2012,,
02/07/2012,,
01/04/2012,"1,238",121.32
01/04/2012,"1,132",121.23
01/04/2012,,
01/04/2012,,
01/04/2012,"1,259",123.18
01/04/2012,"1,148",122.79
01/04/2012,,
01/04/2012,,
01/04/2012,"1,262",104.39
01/04/2012,"1,134",104.14
01/04/2012,,
01/04/2012,727,159.50
12/06/2011,"1,259",123.18
12/06/2011,"1,148",122.79
12/06/2011,,
12/06/2011,,
12/06/2011,"1,267",120.35
12/06/2011,"1,137",120.26
12/06/2011,,
12/06/2011,,
12/06/2011,"1,272",100.01
12/06/2011,"1,130",100.11
12/06/2011,,
12/06/2011,,
11/07/2011,"1,267",120.35
11/07/2011,"1,137",120.26
11/07/2011,,
11/07/2011,,
11/07/2011,"1,290",117.24
11/07/2011,"1,148",117.22
11/07/2011,731,184.00
11/07/2011,699,184.00
11/07/2011,"1,266",98.88
11/07/2011,"1,130",99.03
11/07/2011,,
11/07/2011,,
10/03/2011,"1,290",117.24
10/03/2011,"1,148",117.22
10/03/2011,731,184.00
10/03/2011,699,184.00
10/03/2011,"1,287",113.65
10/03/2011,"1,137",113.88
10/03/2011,,
10/03/2011,,
10/03/2011,"1,269",97.46
10/03/2011,"1,140",97.53
10/03/2011,,
10/03/2011,,
09/06/2011,"1,287",113.65
09/06/2011,"1,137",113.88
09/06/2011,,
09/06/2011,,
09/06/2011,"1,255",111.49
09/06/2011,"1,134",111.77
09/06/2011,730,176.00
09/06/2011,707,176.00
09/06/2011,"1,264",96.81
09/06/2011,"1,154",97.10
09/06/2011,,
09/06/2011,,
08/01/2011,"1,255",111.49
08/01/2011,"1,134",111.77
08/01/2011,730,176.00
08/01/2011,707,176.00
08/01/2011,"1,253",106.77
08/01/2011,"1,128",107.10
08/01/2011,,
08/01/2011,,
08/01/2011,"1,258",93.52
08/01/2011,"1,145",93.51
08/01/2011,,
08/01/2011,,
07/06/2011,"1,253",106.77
07/06/2011,"1,128",107.10
07/06/2011,,
07/06/2011,,
07/06/2011,"1,253",110.04
07/06/2011,"1,126",109.95
07/06/2011,,
07/06/2011,,
07/06/2011,"1,260",92.50
07/06/2011,"1,128",92.47
07/06/2011,,
07/06/2011,,
06/06/2011,"1,253",110.04
06/06/2011,"1,126",109.95
06/06/2011,,
06/06/2011,,
06/06/2011,"1,255",119.48
06/06/2011,"1,143",119.58
06/06/2011,916,184.00
06/06/2011,,
06/06/2011,"1,250",98.40
06/06/2011,"1,126",98.10
06/06/2011,683,158.00
06/06/2011,730,158.00
05/03/2011,"1,255",119.48
05/03/2011,"1,143",119.58
05/03/2011,916,184.00
05/03/2011,,
05/03/2011,"1,261",115.52
05/03/2011,"1,141",115.88
05/03/2011,,
05/03/2011,,
05/03/2011,"1,252",98.56
05/03/2011,"1,142",98.49
05/03/2011,667,155.25
05/03/2011,667,156.00
04/04/2011,"1,261",115.52
04/04/2011,"1,141",115.88
04/04/2011,,
04/04/2011,,
04/04/2011,"1,257",109.21
04/04/2011,"1,147",109.06
04/04/2011,696,175.00
04/04/2011,,
04/04/2011,"1,257",95.38
04/04/2011,"1,148",94.94
04/04/2011,,
04/04/2011,667,145.00
03/02/2011,"1,257",109.21
03/02/2011,"1,147",109.06
03/02/2011,696,175.00
03/02/2011,,
03/02/2011,"1,270",106.10
03/02/2011,"1,138",106.26
03/02/2011,,
03/02/2011,,
03/02/2011,"1,260",90.32
03/02/2011,"1,145",89.70
03/02/2011,,
03/02/2011,710,145.00
02/07/2011,"1,270",106.10
02/07/2011,"1,138",106.26
02/07/2011,,
02/07/2011,,
02/07/2011,"1,262",104.39
02/07/2011,"1,134",104.14
02/07/2011,,
02/07/2011,727,159.50
02/07/2011,"1,267",85.50
02/07/2011,"1,162",85.65
02/07/2011,,
02/07/2011,,
01/01/2011,"1,262",104.39
01/01/2011,"1,134",104.14
01/01/2011,,
01/01/2011,727,159.50
01/01/2011,"1,272",100.01
01/01/2011,"1,130",100.11
01/01/2011,,
01/01/2011,,
01/01/2011,"1,288",83.04
01/01/2011,"1,157",83.14
01/01/2011,,
01/01/2011,699,131.00
12/01/2010,"1,272",100.01
12/01/2010,"1,130",100.11
12/01/2010,,
12/01/2010,,
12/01/2010,"1,266",98.88
12/01/2010,"1,130",99.03
12/01/2010,,
12/01/2010,,
12/01/2010,"1,291",85.26
12/01/2010,"1,156",85.11
12/01/2010,,
12/01/2010,667,134.00
11/01/2010,"1,266",98.88
11/01/2010,"1,130",99.03
11/01/2010,,
11/01/2010,,
11/01/2010,"1,269",97.46
11/01/2010,"1,140",97.53
11/01/2010,,
11/01/2010,,
11/01/2010,"1,305",84.70
11/01/2010,"1,157",84.88
11/01/2010,,
11/01/2010,,
10/01/2010,"1,269",97.46
10/01/2010,"1,140",97.53
10/01/2010,,
10/01/2010,,
10/01/2010,"1,264",96.81
10/01/2010,"1,154",97.10
10/01/2010,,
10/01/2010,,
10/01/2010,"1,306",84.64
10/01/2010,"1,168",84.68
10/01/2010,,
10/01/2010,,
09/08/2010,"1,264",96.81
09/08/2010,"1,154",97.10
09/08/2010,,
09/08/2010,,
09/08/2010,"1,258",93.52
09/08/2010,"1,145",93.51
09/08/2010,,
09/08/2010,,
09/08/2010,"1,301",83.12
09/08/2010,"1,160",83.03
09/08/2010,905,128.89
09/08/2010,851,130.00
08/02/2010,"1,258",93.52
08/02/2010,"1,145",93.51
08/02/2010,,
08/02/2010,,
08/02/2010,"1,260",92.50
08/02/2010,"1,128",92.47
08/02/2010,,
08/02/2010,,
08/02/2010,"1,286",82.90
08/02/2010,"1,154",82.77
08/02/2010,775,128.00
08/02/2010,734,132.00
07/08/2010,"1,260",92.50
07/08/2010,"1,128",92.47
07/08/2010,,
07/08/2010,,
07/08/2010,"1,250",98.40
07/08/2010,"1,126",98.10
07/08/2010,683,158.00
07/08/2010,730,158.00
07/08/2010,"1,272",81.97
07/08/2010,"1,149",82.00
07/08/2010,810,130.00
07/08/2010,719,130.00
06/01/2010,"1,250",98.40
06/01/2010,"1,126",98.10
06/01/2010,683,158.00
06/01/2010,730,158.00
06/01/2010,"1,252",98.56
06/01/2010,"1,142",98.49
06/01/2010,667,155.25
06/01/2010,667,156.00
06/01/2010,"1,267",84.63
06/01/2010,"1,149",84.64
06/01/2010,786,134.78
06/01/2010,724,134.78
05/04/2010,"1,252",98.56
05/04/2010,"1,142",98.49
05/04/2010,667,155.25
05/04/2010,667,156.00
05/04/2010,"1,257",95.38
05/04/2010,"1,148",94.94
05/04/2010,,
05/04/2010,667,145.00
05/04/2010,"1,277",86.71
05/04/2010,"1,155",86.90
05/04/2010,793,135.39
05/04/2010,720,135.26
04/06/2010,"1,257",95.38
04/06/2010,"1,148",94.94
04/06/2010,,
04/06/2010,667,145.00
04/06/2010,"1,260",90.32
04/06/2010,"1,145",89.70
04/06/2010,,
04/06/2010,710,145.00
04/06/2010,"1,289",82.30
04/06/2010,"1,171",82.43
04/06/2010,788,130.89
04/06/2010,723,130.08
03/01/2010,"1,260",90.32
03/01/2010,"1,145",89.70
03/01/2010,,
03/01/2010,710,145.00
03/01/2010,"1,267",85.50
03/01/2010,"1,162",85.65
03/01/2010,,
03/01/2010,,
03/01/2010,"1,279",82.11
03/01/2010,"1,169",82.24
03/01/2010,779,130.26
03/01/2010,686,131.50
02/01/2010,"1,267",85.50
02/01/2010,"1,162",85.65
02/01/2010,,
02/01/2010,,
02/01/2010,"1,288",83.04
02/01/2010,"1,157",83.14
02/01/2010,,
02/01/2010,699,131.00
02/01/2010,"1,276",83.45
02/01/2010,"1,153",83.76
02/01/2010,880,129.89
02/01/2010,795,129.14
01/04/2010,"1,288",83.04
01/04/2010,"1,157",83.14
01/04/2010,,
01/04/2010,699,131.00
01/04/2010,"1,291",85.26
01/04/2010,"1,156",85.11
01/04/2010,,
01/04/2010,667,134.00
01/04/2010,"1,259",85.69
01/04/2010,"1,144",85.72
01/04/2010,811,135.75
01/04/2010,741,134.34
12/01/2009,"1,291",85.26
12/01/2009,"1,156",85.11
12/01/2009,,
12/01/2009,667,134.00
12/01/2009,"1,305",84.70
12/01/2009,"1,157",84.88
12/01/2009,,
12/01/2009,,
12/01/2009,"1,266",91.06
12/01/2009,"1,152",91.02
12/01/2009,746,147.50
12/01/2009,638,147.50
11/02/2009,"1,305",84.70
11/02/2009,"1,157",84.88
11/02/2009,,
11/02/2009,,
11/02/2009,"1,306",84.64
11/02/2009,"1,168",84.68
11/02/2009,,
11/02/2009,,
11/02/2009,"1,295",91.92
11/02/2009,"1,159",91.89
11/02/2009,708,138.94
11/02/2009,668,146.43
10/01/2009,"1,306",84.64
10/01/2009,"1,168",84.68
10/01/2009,,
10/01/2009,,
10/01/2009,"1,301",83.12
10/01/2009,"1,160",83.03
10/01/2009,905,128.89
10/01/2009,851,130.00
10/01/2009,"1,284",98.93
10/01/2009,"1,148",98.98
10/01/2009,821,154.20
10/01/2009,746,154.26
09/08/2009,"1,301",83.12
09/08/2009,"1,160",83.03
09/08/2009,905,128.89
09/08/2009,851,130.00
09/08/2009,"1,286",82.90
09/08/2009,"1,154",82.77
09/08/2009,775,128.00
09/08/2009,734,132.00
09/08/2009,"1,288",99.09
09/08/2009,"1,158",99.12
09/08/2009,782,155.47
09/08/2009,720,155.11
08/03/2009,"1,286",82.90
08/03/2009,"1,154",82.77
08/03/2009,775,128.00
08/03/2009,734,132.00
08/03/2009,"1,272",81.97
08/03/2009,"1,149",82.00
08/03/2009,810,130.00
08/03/2009,719,130.00
08/03/2009,"1,272",98.49
08/03/2009,"1,141",99.17
08/03/2009,941,160.00
08/03/2009,702,157.48
07/06/2009,"1,272",81.97
07/06/2009,"1,149",82.00
07/06/2009,810,130.00
07/06/2009,719,130.00
07/06/2009,"1,267",84.63
07/06/2009,"1,149",84.64
07/06/2009,786,134.78
07/06/2009,724,134.78
07/06/2009,"1,252",96.05
07/06/2009,"1,122",95.78
07/06/2009,,
07/06/2009,808,147.00
06/03/2009,"1,267",84.63
06/03/2009,"1,149",84.64
06/03/2009,786,134.78
06/03/2009,724,134.78
06/03/2009,"1,277",86.71
06/03/2009,"1,155",86.90
06/03/2009,793,135.39
06/03/2009,720,135.26
06/03/2009,"1,240",94.13
06/03/2009,"1,128",94.09
06/03/2009,890,146.11
06/03/2009,672,149.00
05/01/2009,"1,277",86.71
05/01/2009,"1,155",86.90
05/01/2009,793,135.39
05/01/2009,720,135.26
05/01/2009,"1,289",82.30
05/01/2009,"1,171",82.43
05/01/2009,788,130.89
05/01/2009,723,130.08
05/01/2009,"1,248",88.86
05/01/2009,"1,141",88.97
05/01/2009,846,136.35
05/01/2009,711,139.42
04/01/2009,"1,289",82.30
04/01/2009,"1,171",82.43
04/01/2009,788,130.89
04/01/2009,723,130.08
04/01/2009,"1,279",82.11
04/01/2009,"1,169",82.24
04/01/2009,779,130.26
04/01/2009,686,131.50
04/01/2009,"1,254",89.39
04/01/2009,"1,136",89.41
04/01/2009,762,140.99
04/01/2009,693,140.59
03/03/2009,"1,279",82.11
03/03/2009,"1,169",82.24
03/03/2009,779,130.26
03/03/2009,686,131.50
03/03/2009,"1,276",83.45
03/03/2009,"1,153",83.76
03/03/2009,880,129.89
03/03/2009,795,129.14
03/03/2009,"1,262",91.82
03/03/2009,"1,143",91.78
03/03/2009,780,145.03
03/03/2009,717,145.30
02/03/2009,"1,276",83.45
02/03/2009,"1,153",83.76
02/03/2009,880,129.89
02/03/2009,795,129.14
02/03/2009,"1,259",85.69
02/03/2009,"1,144",85.72
02/03/2009,811,135.75
02/03/2009,741,134.34
02/03/2009,"1,262",92.42
02/03/2009,"1,146",92.51
02/03/2009,793,150.61
02/03/2009,720,148.55
01/05/2009,"1,259",85.69
01/05/2009,"1,144",85.72
01/05/2009,811,135.75
01/05/2009,741,134.34
01/05/2009,"1,266",91.06
01/05/2009,"1,152",91.02
01/05/2009,746,147.50
01/05/2009,638,147.50
01/05/2009,"1,287",93.01
01/05/2009,"1,152",93.15
01/05/2009,781,146.00
01/05/2009,714,147.14
12/01/2008,"1,266",91.09
12/01/2008,"1,151",91.02
12/01/2008,746,147.50
12/01/2008,638,147.50
12/01/2008,"1,296",91.90
12/01/2008,"1,159",91.89
12/01/2008,708,138.94
12/01/2008,668,146.43
12/01/2008,"1,311",93.61
12/01/2008,"1,176",93.73
12/01/2008,841,146.29
12/01/2008,750,147.43
11/03/2008,"1,295",91.92
11/03/2008,"1,159",91.89
11/03/2008,708,138.94
11/03/2008,668,146.43
11/03/2008,"1,284",98.93
11/03/2008,"1,148",98.98
11/03/2008,821,154.20
11/03/2008,746,154.26
11/03/2008,"1,300",92.86
11/03/2008,"1,178",92.98
11/03/2008,784,145.07
11/03/2008,719,146.00
10/01/2008,"1,284",98.93
10/01/2008,"1,148",98.98
10/01/2008,821,154.20
10/01/2008,746,154.26
10/01/2008,"1,288",99.09
10/01/2008,"1,158",99.12
10/01/2008,782,155.47
10/01/2008,720,155.11
10/01/2008,"1,307",94.73
10/01/2008,"1,179",94.98
10/01/2008,839,147.01
10/01/2008,672,148.75
09/01/2008,"1,288",99.09
09/01/2008,"1,158",99.12
09/01/2008,782,155.47
09/01/2008,720,155.11
09/01/2008,"1,272",98.49
09/01/2008,"1,141",99.17
09/01/2008,941,160.00
09/01/2008,702,157.48
09/01/2008,"1,288",92.32
09/01/2008,"1,156",92.14
09/01/2008,698,144.15
09/01/2008,718,144.69
08/01/2008,"1,272",98.49
08/01/2008,"1,141",99.17
08/01/2008,941,160.00
08/01/2008,702,157.48
08/01/2008,"1,252",96.05
08/01/2008,"1,122",95.78
08/01/2008,,
08/01/2008,808,147.00
08/01/2008,"1,274",90.41
08/01/2008,"1,149",90.45
08/01/2008,,
08/01/2008,706,142.78
07/01/2008,"1,252",96.05
07/01/2008,"1,122",95.78
07/01/2008,,
07/01/2008,808,147.00
07/01/2008,"1,240",94.13
07/01/2008,"1,128",94.09
07/01/2008,890,146.11
07/01/2008,672,149.00
07/01/2008,"1,244",90.02
07/01/2008,"1,133",89.80
07/01/2008,779,142.75
07/01/2008,722,142.71
06/02/2008,"1,240",94.13
06/02/2008,"1,128",94.09
06/02/2008,890,146.11
06/02/2008,672,149.00
06/02/2008,"1,248",88.86
06/02/2008,"1,141",88.97
06/02/2008,846,136.35
06/02/2008,711,139.42
06/02/2008,"1,223",96.65
06/02/2008,"1,116",96.61
06/02/2008,778,153.82
06/02/2008,732,153.70
05/01/2008,"1,248",88.86
05/01/2008,"1,141",88.97
05/01/2008,846,136.35
05/01/2008,711,139.42
05/01/2008,"1,254",89.39
05/01/2008,"1,136",89.41
05/01/2008,762,140.99
05/01/2008,693,140.59
05/01/2008,"1,224",97.65
05/01/2008,"1,120",97.63
05/01/2008,778,152.96
05/01/2008,697,154.45
04/01/2008,"1,254",89.39
04/01/2008,"1,136",89.41
04/01/2008,762,140.99
04/01/2008,693,140.59
04/01/2008,"1,262",91.82
04/01/2008,"1,143",91.78
04/01/2008,780,145.03
04/01/2008,717,145.30
04/01/2008,"1,233",96.58
04/01/2008,"1,132",96.27
04/01/2008,769,150.63
04/01/2008,690,152.79
03/03/2008,"1,262",91.82
03/03/2008,"1,143",91.78
03/03/2008,780,145.03
03/03/2008,717,145.30
03/03/2008,"1,262",92.42
03/03/2008,"1,146",92.51
03/03/2008,793,150.61
03/03/2008,720,148.55
03/03/2008,"1,238",90.37
03/03/2008,"1,123",90.33
03/03/2008,799,144.56
03/03/2008,715,144.65
02/01/2008,"1,262",92.42
02/01/2008,"1,146",92.51
02/01/2008,793,150.61
02/01/2008,720,148.55
02/01/2008,"1,287",93.01
02/01/2008,"1,152",93.15
02/01/2008,781,146.00
02/01/2008,714,147.14
02/01/2008,"1,254",88.15
02/01/2008,"1,133",88.21
02/01/2008,852,139.75
02/01/2008,704,138.99
01/02/2008,"1,287",93.01
01/02/2008,"1,152",93.15
01/02/2008,781,146.00
01/02/2008,714,147.14
01/02/2008,"1,311",93.61
01/02/2008,"1,176",93.73
01/02/2008,841,146.29
01/02/2008,750,147.43
01/02/2008,"1,254",86.42
01/02/2008,"1,140",86.70
01/02/2008,777,135.39
01/02/2008,721,136.12
12/03/2007,"1,311",93.61
12/03/2007,"1,176",93.73
12/03/2007,841,146.29
12/03/2007,750,147.43
12/03/2007,"1,300",92.86
12/03/2007,"1,178",92.98
12/03/2007,784,145.07
12/03/2007,719,146.00
12/03/2007,"1,257",87.50
12/03/2007,"1,140",87.47
12/03/2007,779,137.00
12/03/2007,681,136.59
11/02/2007,"1,300",92.86
11/02/2007,"1,178",92.98
11/02/2007,784,145.07
11/02/2007,719,146.00
11/02/2007,"1,307",94.73
11/02/2007,"1,179",94.98
11/02/2007,839,147.01
11/02/2007,672,148.75
11/02/2007,"1,261",88.94
11/02/2007,"1,151",89.00
11/02/2007,791,142.94
11/02/2007,709,140.02
10/01/2007,"1,307",94.73
10/01/2007,"1,179",94.98
10/01/2007,839,147.01
10/01/2007,672,148.75
10/01/2007,"1,288",92.32
10/01/2007,"1,156",92.14
10/01/2007,698,144.15
10/01/2007,718,144.69
10/01/2007,"1,268",90.16
10/01/2007,"1,155",90.26
10/01/2007,724,140.92
10/01/2007,723,139.71
09/01/2007,"1,288",92.32
09/01/2007,"1,156",92.14
09/01/2007,698,144.15
09/01/2007,718,144.69
09/01/2007,"1,274",90.41
09/01/2007,"1,149",90.45
09/01/2007,,
09/01/2007,706,142.78
09/01/2007,"1,274",84.53
09/01/2007,"1,149",84.64
09/01/2007,809,136.41
09/01/2007,702,134.78
08/01/2007,"1,274",90.41
08/01/2007,"1,149",90.45
08/01/2007,,
08/01/2007,706,142.78
08/01/2007,"1,244",90.02
08/01/2007,"1,133",89.80
08/01/2007,779,142.75
08/01/2007,722,142.71
08/01/2007,"1,267",81.02
08/01/2007,"1,143",80.70
08/01/2007,775,129.47
08/01/2007,714,130.15
07/02/2007,"1,244",90.02
07/02/2007,"1,133",89.80
07/02/2007,779,142.75
07/02/2007,722,142.71
07/02/2007,"1,223",96.65
07/02/2007,"1,116",96.61
07/02/2007,778,153.82
07/02/2007,732,153.70
07/02/2007,"1,243",82.92
07/02/2007,"1,132",82.99
07/02/2007,756,128.69
07/02/2007,702,129.78
06/01/2007,"1,223",96.65
06/01/2007,"1,116",96.61
06/01/2007,778,153.82
06/01/2007,732,153.70
06/01/2007,"1,224",97.65
06/01/2007,"1,120",97.63
06/01/2007,778,152.96
06/01/2007,697,154.45
06/01/2007,"1,225",79.03
06/01/2007,"1,113",79.19
06/01/2007,757,122.40
06/01/2007,717,124.37
05/02/2007,"1,224",97.65
05/02/2007,"1,120",97.63
05/02/2007,778,152.96
05/02/2007,697,154.45
05/02/2007,"1,233",96.58
05/02/2007,"1,132",96.27
05/02/2007,769,150.63
05/02/2007,690,152.79
05/02/2007,"1,234",82.15
05/02/2007,"1,119",81.88
05/02/2007,749,127.50
05/02/2007,711,129.33
04/02/2007,"1,233",96.58
04/02/2007,"1,132",96.27
04/02/2007,769,150.63
04/02/2007,690,152.79
04/02/2007,"1,238",90.37
04/02/2007,"1,123",90.33
04/02/2007,799,144.56
04/02/2007,715,144.65
04/02/2007,"1,235",86.01
04/02/2007,"1,131",86.16
04/02/2007,750,133.17
04/02/2007,693,134.77
03/01/2007,"1,238",90.37
03/01/2007,"1,123",90.33
03/01/2007,799,144.56
03/01/2007,715,144.65
03/01/2007,"1,254",88.15
03/01/2007,"1,133",88.21
03/01/2007,852,139.75
03/01/2007,704,138.99
03/01/2007,"1,244",89.97
03/01/2007,"1,135",89.96
03/01/2007,751,139.49
03/01/2007,696,144.01
02/01/2007,"1,254",88.15
02/01/2007,"1,133",88.21
02/01/2007,852,139.75
02/01/2007,704,138.99
02/01/2007,"1,254",86.42
02/01/2007,"1,140",86.70
02/01/2007,777,135.39
02/01/2007,721,136.12
02/01/2007,"1,242",94.98
02/01/2007,"1,125",95.07
02/01/2007,725,147.83
02/01/2007,682,150.48
01/01/2007,"1,254",86.42
01/01/2007,"1,140",86.70
01/01/2007,777,135.39
01/01/2007,721,136.12
01/01/2007,"1,257",87.50
01/01/2007,"1,140",87.47
01/01/2007,779,137.00
01/01/2007,681,136.59
01/01/2007,"1,253",93.65
01/01/2007,"1,135",93.47
01/01/2007,749,146.19
01/01/2007,712,151.83
12/04/2006,"1,257",87.49
12/04/2006,"1,140",87.45
12/04/2006,779,137.00
12/04/2006,681,136.59
12/04/2006,"1,261",88.94
12/04/2006,"1,151",89.00
12/04/2006,791,142.94
12/04/2006,709,140.02
12/04/2006,"1,272",90.52
12/04/2006,"1,150",90.58
12/04/2006,763,144.22
12/04/2006,683,144.85
11/01/2006,"1,261",88.94
11/01/2006,"1,151",89.00
11/01/2006,791,142.94
11/01/2006,709,140.02
11/01/2006,"1,268",90.16
11/01/2006,"1,155",90.26
11/01/2006,724,140.92
11/01/2006,723,139.71
11/01/2006,"1,277",88.10
11/01/2006,"1,152",88.24
11/01/2006,775,139.00
11/01/2006,699,137.07
10/02/2006,"1,268",90.16
10/02/2006,"1,155",90.26
10/02/2006,724,140.92
10/02/2006,723,139.71
10/02/2006,"1,274",84.53
10/02/2006,"1,149",84.64
10/02/2006,809,136.41
10/02/2006,702,134.78
10/02/2006,"1,277",84.96
10/02/2006,"1,151",85.00
10/02/2006,752,131.45
10/02/2006,709,132.09
09/06/2006,"1,273",85.91
09/06/2006,"1,150",86.02
09/06/2006,809,136.41
09/06/2006,702,134.78
09/06/2006,"1,267",81.02
09/06/2006,"1,143",80.70
09/06/2006,775,129.47
09/06/2006,714,130.15
09/06/2006,"1,270",80.94
09/06/2006,"1,150",80.88
09/06/2006,756,125.95
09/06/2006,715,126.82
08/02/2006,"1,267",81.02
08/02/2006,"1,143",80.70
08/02/2006,775,129.47
08/02/2006,714,130.15
08/02/2006,"1,243",82.92
08/02/2006,"1,132",82.99
08/02/2006,756,128.69
08/02/2006,702,129.78
08/02/2006,"1,262",80.70
08/02/2006,"1,135",80.69
08/02/2006,751,126.78
08/02/2006,706,126.40
07/03/2006,"1,243",82.92
07/03/2006,"1,132",82.99
07/03/2006,756,128.69
07/03/2006,702,129.78
07/03/2006,"1,225",79.03
07/03/2006,"1,113",79.19
07/03/2006,757,122.40
07/03/2006,717,124.37
07/03/2006,"1,236",84.86
07/03/2006,"1,108",84.87
07/03/2006,744,129.97
07/03/2006,692,130.04
06/01/2006,"1,225",79.03
06/01/2006,"1,113",79.19
06/01/2006,757,122.40
06/01/2006,717,124.37
06/01/2006,"1,234",82.15
06/01/2006,"1,119",81.88
06/01/2006,749,127.50
06/01/2006,711,129.33
06/01/2006,"1,202",89.52
06/01/2006,"1,100",89.41
06/01/2006,728,140.82
06/01/2006,712,142.12
05/01/2006,"1,234",82.15
05/01/2006,"1,119",81.88
05/01/2006,749,127.50
05/01/2006,711,129.33
05/01/2006,"1,235",86.01
05/01/2006,"1,131",86.16
05/01/2006,750,133.17
05/01/2006,693,134.77
05/01/2006,"1,198",92.01
05/01/2006,"1,096",92.26
05/01/2006,720,143.13
05/01/2006,679,144.74
04/03/2006,"1,235",86.01
04/03/2006,"1,131",86.16
04/03/2006,750,133.17
04/03/2006,693,134.77
04/03/2006,"1,244",89.97
04/03/2006,"1,135",89.96
04/03/2006,751,139.49
04/03/2006,696,144.01
04/03/2006,"1,210",90.60
04/03/2006,"1,107",90.89
04/03/2006,737,142.41
04/03/2006,702,142.46
03/01/2006,"1,244",89.97
03/01/2006,"1,135",89.96
03/01/2006,751,139.49
03/01/2006,696,144.01
03/01/2006,"1,242",94.98
03/01/2006,"1,125",95.07
03/01/2006,725,147.83
03/01/2006,682,150.48
03/01/2006,"1,211",88.73
03/01/2006,"1,113",88.92
03/01/2006,727,138.94
03/01/2006,701,137.84
02/01/2006,"1,242",94.98
02/01/2006,"1,125",95.07
02/01/2006,725,147.83
02/01/2006,682,150.48
02/01/2006,"1,253",93.65
02/01/2006,"1,135",93.47
02/01/2006,749,146.19
02/01/2006,712,151.83
02/01/2006,"1,215",89.88
02/01/2006,"1,110",89.98
02/01/2006,727,141.16
02/01/2006,690,141.42
01/03/2006,"1,253",93.65
01/03/2006,"1,135",93.47
01/03/2006,749,146.19
01/03/2006,712,151.83
01/03/2006,"1,272",90.52
01/03/2006,"1,150",90.58
01/03/2006,763,144.22
01/03/2006,683,144.85
01/03/2006,"1,210",87.56
01/03/2006,"1,108",87.44
01/03/2006,732,137.56
01/03/2006,710,138.49
12/01/2005,"1,272",90.52
12/01/2005,"1,150",90.58
12/01/2005,763,144.22
12/01/2005,683,144.85
12/01/2005,"1,277",88.10
12/01/2005,"1,152",88.24
12/01/2005,775,139.00
12/01/2005,699,137.07
12/01/2005,"1,232",86.38
12/01/2005,"1,124",86.67
12/01/2005,762,133.12
12/01/2005,733,134.94
11/01/2005,"1,277",88.10
11/01/2005,"1,152",88.24
11/01/2005,775,139.00
11/01/2005,699,137.07
11/01/2005,"1,277",84.96
11/01/2005,"1,151",85.00
11/01/2005,752,131.45
11/01/2005,709,132.09
11/01/2005,"1,251",85.04
11/01/2005,"1,136",85.07
11/01/2005,734,134.13
11/01/2005,697,135.36
10/03/2005,"1,277",84.96
10/03/2005,"1,151",85.00
10/03/2005,752,131.45
10/03/2005,709,132.09
10/03/2005,"1,270",80.94
10/03/2005,"1,150",80.88
10/03/2005,756,125.95
10/03/2005,715,126.82
10/03/2005,,
10/03/2005,,
10/03/2005,,
10/03/2005,,
09/01/2005,"1,270",80.94
09/01/2005,"1,150",80.88
09/01/2005,756,125.95
09/01/2005,715,126.82
09/01/2005,"1,262",80.70
09/01/2005,"1,135",80.69
09/01/2005,751,126.78
09/01/2005,706,126.40
09/01/2005,"1,232",84.26
09/01/2005,"1,123",84.51
09/01/2005,749,133.11
09/01/2005,750,131.00
08/01/2005,"1,262",80.72
08/01/2005,"1,135",80.69
08/01/2005,751,126.70
08/01/2005,706,126.40
08/01/2005,"1,236",84.86
08/01/2005,"1,108",84.87
08/01/2005,744,129.97
08/01/2005,692,130.04
08/01/2005,"1,225",84.88
08/01/2005,"1,117",85.06
08/01/2005,735,133.47
08/01/2005,743,134.57
07/01/2005,"1,236",84.86
07/01/2005,"1,108",84.87
07/01/2005,744,129.97
07/01/2005,692,130.04
07/01/2005,"1,202",89.52
07/01/2005,"1,100",89.41
07/01/2005,728,140.82
07/01/2005,712,142.12
07/01/2005,"1,205",89.13
07/01/2005,"1,098",89.11
07/01/2005,737,141.21
07/01/2005,706,140.70
06/01/2005,"1,202",89.52
06/01/2005,"1,100",89.41
06/01/2005,728,140.82
06/01/2005,712,142.12
06/01/2005,"1,198",92.01
06/01/2005,"1,096",92.26
06/01/2005,720,143.13
06/01/2005,679,144.74
06/01/2005,"1,187",87.25
06/01/2005,"1,083",87.41
06/01/2005,746,138.66
06/01/2005,719,141.65
05/02/2005,"1,198",92.01
05/02/2005,"1,096",92.26
05/02/2005,720,143.13
05/02/2005,679,144.74
05/02/2005,"1,210",90.60
05/02/2005,"1,107",90.89
05/02/2005,737,142.41
05/02/2005,702,142.46
05/02/2005,"1,172",85.57
05/02/2005,"1,081",85.67
05/02/2005,724,135.19
05/02/2005,701,134.81
04/01/2005,"1,210",90.60
04/01/2005,"1,107",90.89
04/01/2005,737,142.41
04/01/2005,702,142.46
04/01/2005,"1,211",88.73
04/01/2005,"1,113",88.92
04/01/2005,727,138.94
04/01/2005,701,137.84
04/01/2005,"1,178",85.40
04/01/2005,"1,091",85.34
04/01/2005,729,135.09
04/01/2005,710,136.48
03/01/2005,"1,211",88.73
03/01/2005,"1,113",88.92
03/01/2005,727,138.94
03/01/2005,701,137.84
03/01/2005,"1,215",89.88
03/01/2005,"1,110",89.98
03/01/2005,727,141.16
03/01/2005,690,141.42
03/01/2005,"1,195",78.47
03/01/2005,"1,106",78.72
03/01/2005,746,123.19
03/01/2005,697,124.47
02/01/2005,"1,215",89.88
02/01/2005,"1,110",89.98
02/01/2005,727,141.16
02/01/2005,690,141.42
02/01/2005,"1,210",87.56
02/01/2005,"1,108",87.44
02/01/2005,732,137.56
02/01/2005,710,138.49
02/01/2005,"1,206",80.26
02/01/2005,"1,102",80.20
02/01/2005,716,124.60
02/01/2005,703,118.37
01/03/2005,"1,210",87.56
01/03/2005,"1,108",87.44
01/03/2005,732,137.56
01/03/2005,710,138.49
01/03/2005,"1,232",86.38
01/03/2005,"1,124",86.67
01/03/2005,762,133.12
01/03/2005,733,134.94
01/03/2005,"1,200",91.38
01/03/2005,"1,097",92.87
01/03/2005,730,144.29
01/03/2005,704,134.45
12/01/2004,"1,232",86.38
12/01/2004,"1,124",86.67
12/01/2004,762,133.12
12/01/2004,733,134.94
12/01/2004,"1,251",85.04
12/01/2004,"1,136",85.07
12/01/2004,734,134.13
12/01/2004,697,135.36
12/01/2004,"1,201",100.31
12/01/2004,"1,099",100.55
12/01/2004,720,155.91
12/01/2004,688,157.20
11/01/2004,"1,251",85.04
11/01/2004,"1,136",85.07
11/01/2004,734,134.13
11/01/2004,697,135.36
11/01/2004,"1,250",82.77
11/01/2004,"1,141",82.96
11/01/2004,751,130.11
11/01/2004,733,130.59
11/01/2004,"1,226",97.75
11/01/2004,"1,113",97.50
11/01/2004,728,157.24
11/01/2004,696,152.93
10/01/2004,"1,250",82.77
10/01/2004,"1,141",82.96
10/01/2004,751,130.11
10/01/2004,733,130.59
10/01/2004,"1,232",84.26
10/01/2004,"1,123",84.51
10/01/2004,749,133.11
10/01/2004,750,131.00
10/01/2004,"1,234",87.31
10/01/2004,"1,120",87.33
10/01/2004,735,138.08
10/01/2004,698,139.52
09/01/2004,"1,232",84.26
09/01/2004,"1,123",84.51
09/01/2004,749,133.11
09/01/2004,750,131.00
09/01/2004,"1,225",84.88
09/01/2004,"1,117",85.06
09/01/2004,735,133.47
09/01/2004,743,134.57
09/01/2004,"1,242",79.77
09/01/2004,"1,126",79.87
09/01/2004,714,127.43
09/01/2004,671,125.62
08/02/2004,"1,225",84.88
08/02/2004,"1,117",85.06
08/02/2004,735,133.47
08/02/2004,743,134.57
08/02/2004,"1,205",89.13
08/02/2004,"1,098",89.11
08/02/2004,737,141.21
08/02/2004,706,140.70
08/02/2004,"1,238",75.66
08/02/2004,"1,123",75.80
08/02/2004,735,118.69
08/02/2004,734,120.79
07/01/2004,"1,205",89.13
07/01/2004,"1,098",89.11
07/01/2004,737,141.21
07/01/2004,706,140.70
07/01/2004,"1,188",87.25
07/01/2004,"1,083",87.41
07/01/2004,746,138.66
07/01/2004,719,141.65
07/01/2004,"1,226",76.49
07/01/2004,"1,119",76.38
07/01/2004,733,120.50
07/01/2004,700,117.00
06/01/2004,"1,188",87.25
06/01/2004,"1,083",87.41
06/01/2004,746,138.66
06/01/2004,719,141.65
06/01/2004,"1,172",85.57
06/01/2004,"1,081",85.67
06/01/2004,724,135.19
06/01/2004,701,134.81
06/01/2004,"1,207",78.91
06/01/2004,"1,105",78.98
06/01/2004,734,124.49
06/01/2004,681,124.71
05/03/2004,"1,173",85.57
05/03/2004,"1,081",85.67
05/03/2004,724,135.19
05/03/2004,701,134.81
05/03/2004,"1,178",85.40
05/03/2004,"1,091",85.34
05/03/2004,729,135.09
05/03/2004,710,136.48
05/03/2004,"1,208",79.06
05/03/2004,"1,096",79.14
05/03/2004,742,126.28
05/03/2004,725,127.00
